,Accuracy,Precision,Specificity,Sensitivity,AUC ROC,auc pr
0,0.6948051948051948,0.7,0.9393939393939394,0.2545454545454545,0.7651056014692379,0.6360655829998267
